Name,Group
相葉雅紀,嵐
松本潤,嵐
二宮和也,嵐
大野智,嵐
櫻井翔,嵐
小山慶一郎,NEWS
加藤シゲアキ,NEWS
増田貴久,NEWS
手越祐也,NEWS
山下智久,山下智久
横山裕,関ジャニ∞
村上信五,関ジャニ∞
丸山隆平,関ジャニ∞
安田章大,関ジャニ∞
大倉忠義,関ジャニ∞
亀梨和也,KAT-TUN
上田竜也,KAT-TUN
中丸雄一,KAT-TUN
山田涼介,Hey! Say! JUMP
知念侑李,Hey! Say! JUMP
中島裕翔,Hey! Say! JUMP
有岡大貴,Hey! Say! JUMP
高木雄也,Hey! Say! JUMP
伊野尾慧,Hey! Say! JUMP
八乙女光,Hey! Say! JUMP
薮宏太,Hey! Say! JUMP
岡本圭人,Hey! Say! JUMP
中山優馬,中山優馬
生田斗真,生田斗真
北山宏光,Kis-My-Ft2
千賀健永,Kis-My-Ft2
宮田俊哉,Kis-My-Ft2
横尾渉,Kis-My-Ft2
藤ヶ谷大輔,Kis-My-Ft2
玉森裕太,Kis-My-Ft2
二階堂高嗣,Kis-My-Ft2
中島健人,Sexy Zone
菊池風磨,Sexy Zone
佐藤勝利,Sexy Zone
松島聡,Sexy Zone
マリウス葉,Sexy Zone
橋本亮介,A.B.C-Z
戸塚祥太,A.B.C-Z
河合郁人,A.B.C-Z
五関晃一,A.B.C-Z
塚田僚一,A.B.C-Z
中間淳太,ジャニーズWEST
濱田崇裕,ジャニーズWEST
桐山照史,ジャニーズWEST
重岡大毅,ジャニーズWEST
神山智洋,ジャニーズWEST
藤井流星,ジャニーズWEST
小瀧望,ジャニーズWEST
風間俊介,風間俊介
平野紫耀,King & Prince
永瀬廉,King & Prince
高橋海人,King & Prince
岸優太,King & Prince
岩橋玄樹,King & Prince
神宮寺勇太,King & Prince
高地優吾,SixTONES
京本大我,SixTONES
田中樹,SixTONES
松村北斗,SixTONES
ジェシー,SixTONES
森本慎太郎,SixTONES
深澤辰哉,Snow Man
佐久間大介,Snow Man
渡辺翔太,Snow Man
宮舘涼太,Snow Man
岩本照,Snow Man
阿部亮平,Snow Man
向井康二,Snow Man
目黒蓮,Snow Man
ラウール,Snow Man
山下健二郎,三代目 J SOUL BROTHERS from EXILE TRIBE
岩田剛典,三代目 J SOUL BROTHERS from EXILE TRIBE
今市隆二,三代目 J SOUL BROTHERS from EXILE TRIBE
登坂広臣,三代目 J SOUL BROTHERS from EXILE TRIBE
小林直己,三代目 J SOUL BROTHERS from EXILE TRIBE
白濱亜嵐,GENERATIONS from EXILE TRIBE
片寄涼太,GENERATIONS from EXILE TRIBE
数原龍友,GENERATIONS from EXILE TRIBE
小森隼,GENERATIONS from EXILE TRIBE
佐野玲於,GENERATIONS from EXILE TRIBE
関口メンディー,GENERATIONS from EXILE TRIBE
中務裕太,GENERATIONS from EXILE TRIBE
川村壱馬,THE RAMPAGE from EXILE TRIBE
吉野北人,THE RAMPAGE from EXILE TRIBE
板垣瑞生,M!LK
佐野勇斗,M!LK
塩﨑太智,M!LK
吉田仁人,M!LK
山中柔太朗,M!LK
曽野舜太,M!LK
宮世琉弥,M!LK
田中雅功,さくらしめじ
髙田彪我,さくらしめじ
志村玲於,SUPER☆DRAGON
古川毅,SUPER☆DRAGON
ジャン海渡,SUPER☆DRAGON
飯島颯,SUPER☆DRAGON
伊藤壮吾,SUPER☆DRAGON
田中洸希,SUPER☆DRAGON
池田彪馬,SUPER☆DRAGON
松村和哉,SUPER☆DRAGON
柴崎楽,SUPER☆DRAGON
北村匠海,DISH//
平野泰新,MAG!C☆PRINCE
大城光,MAG!C☆PRINCE
永田薫,MAG!C☆PRINCE
阿部周平,MAG!C☆PRINCE
西岡健吾,MAG!C☆PRINCE
高橋文哉,高橋文哉
岡田龍太郎,岡田龍太郎
奥野壮,奥野壮
押田岳,押田岳
渡邊圭祐,渡邊圭祐
板垣李光人,板垣李光人
犬飼貴丈,犬飼貴丈
赤楚衛二,赤楚衛二
飯島寛騎,飯島寛騎
竹内涼真,竹内涼真
上遠野太洸,上遠野太洸
高杉真宙,高杉真宙
福士蒼汰,福士蒼汰
吉沢亮,吉沢亮
桐山漣,桐山漣
菅田将暉,菅田将暉
佐藤健,佐藤健
山崎賢人,山崎賢人
神木隆之介,神木隆之介
中川大志,中川大志
横浜流星,横浜流星
新田真剣佑,新田真剣佑
鈴木伸之,鈴木伸之
志尊淳,志尊淳
千葉雄大,千葉雄大
松坂桃李,松坂桃李
小栗旬,小栗旬
妻夫木聡,妻夫木聡
藤原竜也,藤原竜也
綾野剛,綾野剛
向井理,向井理
田中圭,田中圭
星野源,星野源
山田孝之,山田孝之
高橋一生,高橋一生
佐藤隆太,佐藤隆太
中村倫也,中村倫也